REDO!!! LinConnect, https://github.com/zakathink/linconnect-client
REDO!!! OI Flashlight, https://github.com/openintents/flashlight
REDO!!! Comfort Reader, https://github.com/mschlauch/comfortreader
REDO!!! Flight Mode, https://github.com/ajaapps/flightmode
REDO!!! NextGIS Mobile, https://github.com/nextgis/android_gisapp
REDO!!! Ship Captain and Crew, https://github.com/alaskalinuxuser/app_ship_capt_crew
REDO!!! Mirakel-Dashclock, https://github.com/MirakelX/mirakel-dashclock
REDO!!! LifeCounter, https://github.com/MarcelJurtz/LifeCounter
REDO!!! Web Opac, https://github.com/opacapp/opacclient
REDO!!! Patolli, https://github.com/zombking/patolli-master
REDO!!! MemoPad, https://github.com/zaki50/MemoPad
REDO!!! Kumquats, https://github.com/dozingcat/Kumquats
REDO!!! Behat Reporter, https://github.com/headrevision/BehatReporter
REDO!!! Search Light, https://github.com/scottamain/Search_Light
REDO!!! Remote Video Camera, https://github.com/izivkov/RemoteVideoCam
REDO!!! Break.Down.Timer, https://github.com/jenspfahl/BDT
REDO!!! aGrep, https://github.com/jiro-aqua/aGrep
REDO!!! Speed of Sound, https://github.com/jpeddicord/speedofsound
REDO!!! Endless Sky, https://github.com/thewierdnut/endless-mobile
REDO!!! Simple Gallery Pro,https://github.com/SimpleMobileTools/Simple-Gallery
REDO!!! Wrong Pin Shutdown,https://github.com/mkodekar/WrongPinShutdown
REDO!!! Thud,https://github.com/aerotoad/Thud
REDO!!! /r/Android App store,https://github.com/d4rken-org/reddit-android-appstore
REDO!!! Crescent Cash,https://github.com/pokkst/crescentcash
REDO!!! Paperless,https://github.com/bauerj/paperless_app
REDO!!! Quote Unquote,https://github.com/jameshnsears/QuoteUnquote
REDO!!! Bangumi,https://github.com/czy0729/Bangumi
REDO!!! AndroSS,https://github.com/tstein/AndroSS
REDO!!! Web2PDF,https://github.com/warenix/Web2PDF
REDO!!! Lliga Intermunicipal,https://github.com/YerayAlonso/LligaIntermunicipal
REDO!!! Comics Reader,https://github.com/kervala/comicsreader
REDO!!! uNote,https://github.com/Varlorg/uNote
REDO!!! Short URL Evaluator,https://github.com/nicolassmith/urlevaluator
REDO!!! Hop'Edia,https://github.com/HopEdia/hopedia.github.io
REDO!!! Recursive Runner,https://github.com/SoupeauCaillou/recursive-runner
REDO!!! Launch on Boot,https://github.com/ITVlab/Launch-On-Boot
REDO!!! Keep it up,https://github.com/ibbaa/keepitup
REDO!!! Color Clock,https://github.com/NightlyNexus/Color-Clock
REDO!!! VitoshaDM,https://github.com/VelbazhdSoftwareLLC/VitoshaDM
REDO!!! Simple Notes Pro,https://github.com/SimpleMobileTools/Simple-Notes
REDO!!! LASKmobile,https://github.com/RFO-BASIC/Basic
REDO!!! DashClock: DashCricket,https://github.com/mvsastry/dashcricket
REDO!!! OpenPods,https://github.com/adolfintel/OpenPods
REDO!!! PerApp,https://github.com/arpruss/perapp
REDO!!! FreeDcam,https://github.com/KillerInk/FreeDcam
REDO!!! Repay,https://github.com/matt-allen/repay-android
REDO!!! Isotopes,https://github.com/chemicalappspace/Isotopes
REDO!!! Go to Sleep,https://github.com/CorvetteCole/GotoSleep
REDO!!! Polar Clock,https://github.com/beriain/PolarClock
REDO!!! Notifications for Facebook,https://github.com/gsurrel/FacebookNotifications
REDO!!! Fake Contacts,https://github.com/BillDietrich/fake_contacts
REDO!!! Anode,https://github.com/tarka/Anode
REDO!!! Superuser,https://github.com/koush/Superuser
REDO!!! Politrics,https://github.com/VelbazhdSoftwareLLC/Politrics
REDO!!! Practice Hub,https://github.com/lidavidm/music-practice-tools
REDO!!! Month Calendar Widget,https://github.com/alterechtschreibung/MonthCalendarWidget2FOSS
REDO!!! Acode,https://github.com/deadlyjack/Acode
REDO!!! crushr,https://github.com/tjmolinski/crushr
REDO!!! AnySoftKeyboard: Georgian,https://github.com/Stichoza/AnySoftKeyboardLanguagePackGeorgian
REDO!!! Smart Remote Control,https://github.com/timnew/AndroidInfrared
REDO!!! Colour Clock,https://github.com/gringer/ColourClock
REDO!!! MediLog,https://github.com/zell-mbc/MediLog
REDO!!! Anton Widget,https://github.com/antonwolf/calendarwidget
REDO!!! AutoAnswer,https://github.com/samandeep/auto-answer
REDO!!! Drum On,https://github.com/tube42/drumon
REDO!!! Chip8,https://github.com/dkanada/chip-emulator
REDO!!! Linkbox,https://github.com/ronaldloyko/linkbox
REDO!!! Mozc for Android,https://github.com/google/mozc
REDO!!! Frozen Bubble,https://github.com/robinst/frozen-bubble-android
REDO!!! TiltMazes,https://github.com/amplitude/Android-Demo
REDO!!! Spotube,https://github.com/KRTirtho/spotube
REDO!!! Dialer for Pebble,https://github.com/matejdro/PebbleDialer-Android
REDO!!! ZephyrLogger,https://github.com/ianmcxa/ZephyrLogger
REDO!!! Flashlight,https://github.com/repat/mosf
REDO!!! XScreenSaver,https://github.com/Zygo/xscreensaver
REDO!!! Decisions,https://github.com/markusfisch/Libra
REDO!!! Wi-Fi Reminders,https://github.com/pierreduchemin/wifireminders
REDO!!! NoPhoneSpam,https://github.com/qguv/NoPhoneSpam
REDO!!! Rage Maker,https://github.com/maanboyz/android-rage-maker
REDO!!! Passman,https://github.com/nextcloud/passman-android
REDO!!! Guessaday,https://github.com/mo271/guessaday
REDO!!! kSync,https://github.com/Infomaniak/android-infomaniak-sync
REDO!!! Public IP,https://github.com/guildem/publicip-android
REDO!!! Polaris,https://github.com/agersant/polaris
REDO!!! Weather Overview,https://github.com/HenriDellal/weather-overview
REDO!!! EasyRPG Player,https://github.com/EasyRPG/Player
REDO!!! Papuh,https://github.com/msasikanth/PapuhWalls
REDO!!! Cyrillic Transliterator: Latin To Cyrillic,https://github.com/michaeltroger/latintocyrillic-android
REDO!!! Brightness Widget,https://github.com/tillwoerner/BrightnessWidget
REDO!!! WiFi ACE,https://github.com/marcus905/android-wifi-ace
REDO!!! aRevelation,https://github.com/sviro/aRevelation
REDO!!! AdminControl,https://github.com/linux-colonel/AdminControl
REDO!!! Open Aviation Map,https://github.com/OpenAviationMap/oam-app-android
REDO!!! Radio tudent,https://github.com/RadioStudent/RadioStudent-Android
REDO!!! Simple Crypto Widget,https://github.com/hwki/SimpleBitcoinWidget
REDO!!! Git Quick Reference,https://github.com/easyintent/quickref
REDO!!! PDF Reader,https://github.com/droidapps/pdfreader4Android
REDO!!! Random App,https://github.com/litrik/be.norio.randomapp
REDO!!! p!n,https://github.com/nproth/pin
REDO!!! Lucid Browser,https://github.com/powerpoint45/Lucid-Browser
REDO!!! Noise Cancelling,https://github.com/danielgjackson/noisecancel
REDO!!! File Explorer,https://github.com/MiCode/FileExplorer
REDO!!! KanaDrill,https://github.com/SweetLion/KanaDrill
REDO!!! Thugaim,https://github.com/meoblast001/thugaim
REDO!!! LessPass,https://github.com/lesspass/lesspass
REDO!!! Geo Bookmark,https://github.com/onyxbits/geobookmark
REDO!!! WebRadio,https://github.com/Starcommander/StreamRadio
REDO!!! Bites,https://github.com/Inderlop/bites-android
REDO!!! Dark theme,https://github.com/phstudio2/Darktheme
REDO!!! Calcolatrice Semplice,https://github.com/SimpleMobileTools/Simple-Calculator
REDO!!! Piano,https://github.com/estearg/android-piano
REDO!!! LogMeIn,https://github.com/DevelopFreedom/logmein-android
REDO!!! Chaldea,https://github.com/chaldea-center/chaldea
REDO!!! Url forwarder,https://github.com/daverix/urlforwarder
REDO!!! TV KILL,https://github.com/42SK/TVKILL
REDO!!! MasterMindy,https://github.com/Matteljay/mastermindy-android
REDO!!! APV PDF Viewer,https://github.com/chintanvyas89/android-pdf-viewer
REDO!!! My Contacts,https://github.com/WeAreFairphone/FP2-ContactsWidget
REDO!!! Rights alert,https://github.com/kyriog/rights-alert
REDO!!! Breathly,https://github.com/mmazzarolo/breathly-app
REDO!!! Nextcloud News,https://github.com/nextcloud/news-android
REDO!!! Invoice Ninja,https://github.com/invoiceninja/invoiceninja
REDO!!! Here GPS Location,https://github.com/borneq/HereGPSLocation
REDO!!! raag,https://github.com/raag-music/raag
REDO!!! Disabler,https://github.com/aceventura82/AppsDisabler
REDO!!! PassCard,https://github.com/cryptofuture/PassCard
REDO!!! Ambient Weather DashClock Extension,https://github.com/invano/AmbientWeatherDashClockExtension
REDO!!! OpenTrail,https://github.com/fosm/Freemap
REDO!!! Website Monitor,https://github.com/manimaran96/Website-Monitor
REDO!!! Always On AMOLED,https://github.com/rosenpin/always-on-amoled
REDO!!! Deadlines,https://github.com/EmmanuelMess/DeadlinesApp
REDO!!! MPD,https://github.com/MusicPlayerDaemon/MPD
REDO!!! Micopi+,https://github.com/easytarget2000/micopi_android
REDO!!! Drudgery,https://github.com/onyxbits/Drudgery
REDO!!! PPSSPP,https://github.com/hrydgard/ppsspp
REDO!!! BobBall,https://github.com/bobthekingofegypt/BobBall
REDO!!! Block'Buster,https://github.com/asafonov/blockbuster
REDO!!! TriesteinBus,https://github.com/fabmazz/triesteinbus
REDO!!! SimpleThermometer,https://github.com/tvbarthel/SimpleThermometerProject
REDO!!! Georgian Fonts Installer,https://github.com/herrlado/GeorgianFonts
REDO!!! Easy-phone,https://github.com/Paullux/HOSDVK-EasyPhone
REDO!!! SerialTest,https://github.com/wh201906/SerialTest
REDO!!! Permission Friendly Apps,https://github.com/androidsoft-org/androidsoft-permission
REDO!!! KeepingTracks,https://github.com/seawolf/KeepingTracks
REDO!!! Stratum 0 Widget,https://github.com/Valodim/Stratum0Widget
REDO!!! Xmp Mod Player,https://github.com/cmatsuoka/xmp-android
REDO!!! Dice Overflow,https://github.com/VelbazhdSoftwareLLC/DiceOverflow
REDO!!! Open Golf,https://github.com/mgerdes/Open-Golf
REDO!!! BeHe Pro,https://github.com/VladThodo/behe-explorer
REDO!!! Hourglass,https://github.com/alaskalinuxuser/app_hourglass
REDO!!! GraphHopper Maps,https://github.com/graphhopper/graphhopper-maps
REDO!!! Earmouse,https://github.com/RahulSDeshpande/Earmouse
REDO!!! Time Clock,https://github.com/NicksPatties/timeclock
REDO!!! Diktofon,https://github.com/Kaljurand/Diktofon
REDO!!! Der Die Das,https://github.com/machiav3lli/DerDieDas
REDO!!! Xournal++,https://github.com/xournalpp/xournalpp_mobile
REDO!!! Speech Trainer,https://github.com/wrr/speech_trainer
REDO!!! OpenTTD,https://github.com/OpenTTD/OpenTTD
REDO!!! Navit,https://github.com/navit-gps/navit
REDO!!! Remote Keyboard,https://github.com/onyxbits/remotekeyboard
REDO!!! Charmap,https://github.com/kkinder/Charmap
REDO!!! DisasterRadio,https://github.com/beegee-tokyo/disaster-radio-android
REDO!!! Ask me anything meaningful,https://github.com/lsubel/amam
REDO!!! RF Analyzer,https://github.com/demantz/RFAnalyzer
REDO!!! Show Articles in Map,https://github.com/k3b/AndroidGeo2ArticlesMap
REDO!!! DNS Hero,https://github.com/devgianlu/DNSHero
REDO!!! aSQLiteManager,https://github.com/emtee40/Android-Sqlite-Mgr
REDO!!! GeoNotes,https://github.com/hauke96/GeoNotes
REDO!!! KPassNotes,https://github.com/aivanovski/kpassnotes
REDO!!! Hearing Saver,https://github.com/SamAmco/track-and-graph
REDO!!! Noteless,https://github.com/redsolver/noteless
REDO!!! DefCol,https://github.com/wentam/DefCol
REDO!!! RPNcalc,https://github.com/apesic/rpncalc
REDO!!! The Translator,https://github.com/sunilpaulmathew/Translator
REDO!!! Smart Card Reader,https://github.com/frankmorgner/vsmartcard
REDO!!! Schule,https://github.com/quaap/Primary
REDO!!! Share my number,https://github.com/characterdog/share-my-number
REDO!!! Colors Overflow,https://github.com/VelbazhdSoftwareLLC/ColorsOverflow
REDO!!! CaptivePortalLogin,https://github.com/jsparber/CaptivePortalAutologin
REDO!!! OverFlow,https://github.com/DmnChzl/OverFlow
REDO!!! Sigfood,https://github.com/cody82/sigfood
REDO!!! IR Remote,https://github.com/Divested-Mobile/irremote
REDO!!! J 拼图,https://github.com/richardchien-archive/jigsaw-android
REDO!!! dandelion*,https://github.com/gsantner/dandelion
REDO!!! Rtl-sdr driver,https://github.com/signalwareltd/rtl_tcp_andro-
REDO!!! KTrip,https://github.com/KDE/ktrip
REDO!!! Obsqr,https://github.com/trikita/obsqr
REDO!!! Precio Luz,https://github.com/Webierta/precio-luz
REDO!!! andRoc,https://github.com/prashant31191/andRoc
REDO!!! Street­Complete,https://github.com/streetcomplete/StreetComplete
REDO!!! Squeezer,https://github.com/nikclayton/android-squeezer
REDO!!! ReGalAndroid,https://github.com/anthonydahanne/ReGalAndroid
REDO!!! Private Lock,https://github.com/wesaphzt/privatelock
REDO!!! WiFi Warning,https://github.com/firetech/wifiwarning
REDO!!! Wine cellar,https://github.com/NathanielMotus/Cavevin
REDO!!! Sentry,https://github.com/x13a/Sentry
REDO!!! Ocelot,https://github.com/Shirakumo/Ocelot
REDO!!! Equate,https://github.com/EvanRespaut/Equate
REDO!!! Atomize,https://github.com/wrmndfzzy/Atomize
REDO!!! Dogecoin Wallet,https://github.com/langerhans/dogecoin-wallet-new
REDO!!! IITC Mobile,https://github.com/iitc-project/ingress-intel-total-conversion
REDO!!! ExprEval,https://github.com/gianluca-nitti/android-expr-eval
REDO!!! Wifi Camera,https://github.com/Teaonly/android-eye
REDO!!! Portal Timer,https://github.com/felixb/portal-timer
REDO!!! Tomdroid,https://github.com/tomboy-notes/tomdroid
REDO!!! URLCheck,https://github.com/TrianguloY/UrlChecker
REDO!!! Learning Memory,https://github.com/niccokunzmann/app.memory.quelltext.eu
REDO!!! Dolphin Emulator,https://github.com/dolphin-emu/dolphin
REDO!!! Check Network,https://github.com/mathisdt/checknetwork
REDO!!! FrOSCon,https://github.com/derpeter/FrOSCon
REDO!!! Send to Computer,https://github.com/IvanVolosyuk/share-to-browser
REDO!!! Countdown for DashClock,https://github.com/cr5315/countdown-for-dashclock
REDO!!! Frog Password Generator,https://github.com/Serverfrog/FrogPw
REDO!!! Morse Trainer,https://github.com/eoineoineoin/ecwt
REDO!!! Tacere,https://github.com/ciasaboark/Tacere
REDO!!! Sugarizer,https://github.com/llaske/sugarizer
REDO!!! Omnomagon,https://github.com/phillipthelen/Omnomagon
REDO!!! Pitch pipe,https://github.com/bmaupin/android-pitchpipe
REDO!!! DeepL,https://github.com/sakusaku3939/DeepLAndroid
REDO!!! Play Music Exporter,https://github.com/playmusicexporter/playmusicexporter
REDO!!! Voice Notify,https://github.com/pilot51/voicenotify
REDO!!! Exceer,https://github.com/oaken-source/exceer
REDO!!! Alarm Klock,https://github.com/tuyetkma/kraigsandroid
REDO!!! AquaDroid,https://github.com/z3r0c00l-2k/AquaDroid
REDO!!! SIP Caller,https://github.com/whitequark/SIPCaller
REDO!!! Private Location,https://github.com/wesaphzt/privatelocation
REDO!!! SimpleTextEditor,https://github.com/maxistar/TextPad
REDO!!! MTA Fare Buster,https://github.com/loisaidasam/mta-fare-buster-android
REDO!!! Cards Score Keeper,https://github.com/ThaChillera/CardScore
REDO!!! Noiz2,https://github.com/alistairrutherford/noiz2-gdx
REDO!!! WiFiScanner,https://github.com/bewue/WLANScanner
REDO!!! Sage,https://github.com/sagemath/android
REDO!!! DPixel,https://github.com/matt-allen/dpixel
REDO!!! Add to calendar,https://github.com/danielegobbetti/ICSImport
REDO!!! Stopwatch,https://github.com/KodarKooperativet/NotificationStopwatch
REDO!!! Rick App,https://github.com/no-go/RickApp
REDO!!! Dodge,https://github.com/dozingcat/dodge-android
REDO!!! SD Scanner,https://github.com/jerickson314/sdscanner
REDO!!! WateryDroid,https://github.com/trmendes/waterydroid
REDO!!! Zensuren,https://github.com/ngbvol/Zensuren
REDO!!! Number Guesser,https://github.com/Reepeecheep/NumberGuesser
REDO!!! adbWireless,https://github.com/Skywriter-se/adbWireless
REDO!!! Clash of Balls,https://github.com/bkueng/clash_of_balls
REDO!!! Turo,https://github.com/HassanHeydariNasab/turo
REDO!!! Dots'n'Boxes,https://github.com/StefanOltmann/Kaesekaestchen
REDO!!! CyanogenMod Installer,https://github.com/cyngn/OneClickAndroid
REDO!!! WeatherLog,https://github.com/sergey-tuzlukov/WeatherLogAndroid
REDO!!! Falling Blocks,https://github.com/StefanOltmann/FallingBlocks
REDO!!! Pong Time,https://github.com/tinkerlog/PongTime
REDO!!! Single-Feed,https://github.com/no-go/ViboraFeed
REDO!!! Primary,https://github.com/quaap/Primary
REDO!!! Apollo,https://github.com/LineageOS/android_packages_apps_Apollo
REDO!!! X Server,https://github.com/mattkwan-zz/android-xserver
REDO!!! Stocks Widget,https://github.com/premnirmal/StockTicker
REDO!!! Crossword,https://github.com/billthefarmer/crossword
REDO!!! Fast Brightness Control Widget,https://github.com/marin-liovic/Fast-Brightness-Control-Widget
REDO!!! SDK Monitor,https://github.com/bernaferrari/SDKMonitor
REDO!!! Destiny,https://github.com/LeastAuthority/destiny
REDO!!! Simple File Manager Pro,https://github.com/SimpleMobileTools/Simple-File-Manager
REDO!!! TicTacToe Game,https://github.com/EmmanuelMess/TicTacToeGame
REDO!!! Trolly,https://github.com/Djiko/trolly
REDO!!! uaTranslit,https://github.com/bossly/uaTranslit
REDO!!! Simple Deadlines,https://github.com/casimir/simpleDeadlines
REDO!!! Concentric Clock,https://github.com/gringer/ConcentricClock
REDO!!! Import Contacts,https://github.com/k3b/ContactUtils
REDO!!! Sky Map,https://github.com/sky-map-team/stardroid
REDO!!! Unofficial Golem.de Reader,https://github.com/eknoes/golem-android-reader
REDO!!! Knock on Ports,https://github.com/impalex/knockonports
REDO!!! WifiAutOff,https://github.com/csmarosi/wifiAutOff
REDO!!! Auto Off Bluetooth,https://github.com/Mystro256/autooffbluetooth
REDO!!! music-cyclon,https://github.com/maxammann/music-cyclon
REDO!!! Text Fairy,https://github.com/renard314/textfairy
REDO!!! Open BART,https://github.com/OnlyInAmerica/BART
REDO!!! Fritter,https://github.com/jonjomckay/fritter
REDO!!! Phoenix,https://github.com/beegee-tokyo/phoenix
REDO!!! Polite Droid,https://github.com/miguelvps/PoliteDroid
REDO!!! SubHub,https://github.com/FunkyMuse/SubHub
REDO!!! Sound Manager,https://github.com/mkodekar/app-soundmanager
REDO!!! MemeTastic,https://github.com/gsantner/memetastic
REDO!!! Little Sir Echo,https://github.com/kaputnikGo/LittleSirEcho
REDO!!! Minilens,https://github.com/KOBUGE-Games/minilens
REDO!!! AG Store,https://github.com/huckleberrypie/Argentum
REDO!!! OI File Manager,https://github.com/openintents/filemanager
REDO!!! FixMyStreet,https://github.com/mysociety/fixmystreet
REDO!!! Contact Merger,https://github.com/rtreffer/ContactMerger
REDO!!! eSpeak,https://github.com/rhdunn/espeak
REDO!!! BOINC,https://github.com/BOINC/boinc
REDO!!! Luftlinie,https://github.com/westnordost/Luftlinie
REDO!!! Simple Dilbert,https://github.com/smarek/Simple-Dilbert
REDO!!! agram,https://github.com/achromaticmetaphor/agram
REDO!!! Atomic,https://github.com/indrora/Atomic
REDO!!! Splitfit,https://github.com/noahjutz/Splitfit
REDO!!! Saber,https://github.com/adil192/saber
REDO!!! Nachtlager Downloader,https://github.com/allo-/NachtlagerDownloader
REDO!!! MouseApp,https://github.com/cerisara/mousetodon
REDO!!! Attendance Viewer,https://github.com/mavidser/attendance-viewer
REDO!!! WoT Tank Quiz,https://github.com/MazeChaZer/WoT-Tank-Quiz
REDO!!! StorageTrac,https://github.com/nma83/SDCardTrac
REDO!!! Mill,https://github.com/calcitem/Sanmill
REDO!!! BwareArea,https://github.com/X-Ryl669/BwareArea
REDO!!! Call Counter,https://github.com/Webierta/call-counter
REDO!!! Photo Bookmark,https://github.com/onyxbits/photobookmark
REDO!!! Email Popup,https://github.com/baolongnt/EmailPopup
REDO!!! Sutrans Plus,https://github.com/lynnntropy/SuTransPlus
REDO!!! Night Mode Enabler,https://github.com/MichaelEvans/NightModeEnabler
REDO!!! BlueChat,https://github.com/alexkang/blue-chat
REDO!!! CamCov,https://github.com/renyuneyun/CamCov
REDO!!! Da non fare,https://github.com/Crazy-Marvin/ToDont
REDO!!! Scuttloid,https://github.com/ilesinge/scuttloid
REDO!!! HUD,https://github.com/woju/hud
REDO!!! Hanuman Chalisa,https://github.com/niccokunzmann/HanumanChalisa
REDO!!! AppLocker,https://github.com/wizdown/applocker
REDO!!! Todo Agenda,https://github.com/andstatus/todoagenda
REDO!!! Product Open Data,https://github.com/okfn/opd-product-browser-android
REDO!!! SimpleDo,https://github.com/JamesFrost/SimpleDo
REDO!!! LibGen Mobile,https://github.com/manuelvargastapia/libgen_mobile_app
REDO!!! Funktrainer,https://github.com/meyerd/funktrainer
REDO!!! Puzzles,https://github.com/chrisboyle/sgtpuzzles
REDO!!! Clipboard Beam,https://github.com/felixb/clipboard-beam
REDO!!! ThreeDLite,https://github.com/threedliteguy/threedlite
REDO!!! Cherry,https://github.com/devsnd/cherrymusic
REDO!!! Sequence Hunt,https://github.com/DaveRead/SequenceHunt
REDO!!! 清心天气,https://github.com/richardchien-archive/clear-weather-android
REDO!!! Critical Velocity,https://github.com/alaskalinuxuser/app_critical_velocity
REDO!!! Priority Alerts,https://github.com/saiga006/message-finder
REDO!!! ElloShare,https://github.com/roadriverrail/elloshare
REDO!!! RedReader,https://github.com/QuantumBadger/RedReader
REDO!!! Dash Wallet,https://github.com/PoJeremy/darkcoin-wallet
REDO!!! Metrodroid,https://github.com/metrodroid/metrodroid
REDO!!! yaft,https://github.com/uobikiemukot/yaft
REDO!!! Time Cop,https://github.com/hamaluik/timecop
REDO!!! Simple Draw Pro,https://github.com/SimpleMobileTools/Simple-Draw
REDO!!! SolitaireCG,https://github.com/taiiihe/solitairecg
REDO!!! Repeat Me,https://github.com/SamarthDesai01/RepeatMe
REDO!!! Kingdomino Score,https://github.com/odrevet/kingdomino_score
REDO!!! Dimmer,https://github.com/giraffine/Android-Project
REDO!!! OSRS Helper,https://github.com/OSRSHelper/OSRSHelper
REDO!!! Fast Shopping,https://github.com/Albert221/FastShopping
REDO!!! Transdroid Torrent Search,https://github.com/erickok/transdroid-search
REDO!!! croc,https://github.com/howeyc/crocgui
REDO!!! SecScanQR,https://github.com/Fr4gorSoftware/SecScanQR
REDO!!! Simple Bitcoin Wallet,https://github.com/akumaigorodski/wallet
REDO!!! Covid19 Stats,https://github.com/GabrielTavernini/Covid19Stats
REDO!!! When Ze Bus,https://github.com/mcarolan/when-ze-bus
REDO!!! robotfindskitten,https://github.com/xxv/robotfindskitten
REDO!!! Seismo Wallpaper,https://github.com/arimwilson/code
REDO!!! Just A Damn Compass,https://github.com/jarofgreen/Just-A-Damn-Compass
REDO!!! Child Monitor,https://github.com/enguerrand/child-monitor
REDO!!! Gear Shift,https://github.com/urandom/gearshift
REDO!!! Mighty Knight,https://github.com/alketii/mighty-knight
REDO!!! List My Apps,https://github.com/onyxbits/listmyaps
REDO!!! HydroMemo,https://github.com/c7haki/HydroMemo
REDO!!! TorrServe,https://github.com/YouROK/TorrServe
REDO!!! WyFy,https://github.com/x13a/WyFy
REDO!!! NFC Drivers License Reader,https://github.com/soft-studio/NFC_DriversLicenseReader
REDO!!! EnRecipes,https://github.com/vishnuraghavb/EnRecipes-Wiki
REDO!!! SleepyWifi,https://github.com/DevLuuk/SleepyWifi
REDO!!! Deckerino,https://github.com/efarraro/deckerino
REDO!!! HeaterRC,https://github.com/dynamitetuning/com.dynamite.heaterrc
REDO!!! Sokoban(g),https://github.com/obfusk/sokobang
REDO!!! MorphClock,https://github.com/dgmltn/android-MorphClock
REDO!!! Quake,https://github.com/jackpal/glesquake
REDO!!! SimpleReminder,https://github.com/felixwiemuth/SimpleReminder
REDO!!! Solar Compass,https://github.com/agnibho/solarcompass
REDO!!! CAdroid,https://github.com/bitfireAT/vcard4android
REDO!!! microMathematics Plus,https://github.com/mkulesh/microMathematics
REDO!!! Hydrate,https://github.com/alisen/h2droid
REDO!!! Android Samba Client,https://github.com/google/samba-documents-provider
REDO!!! JKU App,https://github.com/marunjar/anewjkuapp
REDO!!! AndroidRun,https://github.com/jankotek/asterope
REDO!!! Speaker,https://github.com/danielgjackson/speaker
REDO!!! K-9 Mail DashClock Extension,https://github.com/cketti/DashClock_K-9
REDO!!! Ruler,https://github.com/SecUSo/privacy-friendly-ruler
REDO!!! Hamburger,https://github.com/livodeu/FreeHamburger
REDO!!! Just Notes,https://github.com/alaskalinuxuser/app_justnotes
REDO!!! MAXS Main,https://github.com/ProjectMAXS/maxs
REDO!!! Chinese French Dictionary,https://github.com/Nilhcem/frcndict-android
REDO!!! VCMI,https://github.com/vcmi/vcmi-android
REDO!!! BonjourBrowser,https://github.com/wellenvogel/BonjourBrowser
REDO!!! Trail Sense,https://github.com/kylecorry31/Trail-Sense
REDO!!! Fish Rings for Android,https://github.com/VelbazhdSoftwareLLC/FishRingsForAndroid
REDO!!! Jupiter Broadcasting,https://github.com/ShaneQful/Jupiter-Broadcasting-Android-App
REDO!!! SimpleEmail,https://github.com/dystopia-project-mirror/simple-email
REDO!!! NoUSSD,https://github.com/ethauvin/NoUSSD
REDO!!! GIF Live Wallpaper,https://github.com/redwarp/gif-wallpaper
REDO!!! ShareToBrowser,https://github.com/queler/ShareToBrowser
REDO!!! Neural Network Simulator,https://github.com/Xipher7934/NeuralNetworkSimulator
REDO!!! SimpleX Chat,https://github.com/simplex-chat/simplex-chat
REDO!!! Simple Calendar Pro,https://github.com/SimpleMobileTools/Simple-Calendar
REDO!!! Exodus,https://github.com/Exodus-Privacy/exodus
REDO!!! link eye,https://github.com/kuesji/link_eye
REDO!!! opsu,https://github.com/AnirudhRahul/opsu-Android
REDO!!! Diccionario castellano,https://github.com/javierllorente/adc
REDO!!! Koler,https://github.com/Chooloo/koler
REDO!!! TAG Notepad,https://github.com/Kyakujin/TagNotepad
REDO!!! Heading Calculator,https://github.com/eugmes/headingcalculator
REDO!!! House of Cards,https://github.com/VelbazhdSoftwareLLC/HouseOfCards
REDO!!! Peanut Encryption,https://github.com/goexle/peanutEncryption
REDO!!! Remote for VLC,https://github.com/samicemalone/android-vlc-remote
REDO!!! Simple Loan Calculator,https://github.com/vmlinz/android-simple-loan-calculator
REDO!!! FTP Server (Free),https://github.com/ppareit/swiftp
REDO!!! News,https://github.com/bubelov/news
REDO!!! Twidere Extension: TwitLonger,https://github.com/mariotaku/twidere.extension.twitlonger
REDO!!! DashClock Birthday Extension,https://github.com/nicopico-dev/dashclock-birthday
REDO!!! RoundR,https://github.com/MohammadAdib/Roundr
REDO!!! VirtualXposed,https://github.com/android-hacker/VirtualXposed
REDO!!! Baby Dots,https://github.com/babydots/babydots
REDO!!! Subtle News,https://github.com/teamOSC/SubtleNews_Android_App
REDO!!! WebSearch,https://github.com/balesz/android-WebSearch
REDO!!! SAI,https://github.com/Aefyr/SAI
REDO!!! Impress Remote,https://github.com/LibreOffice/impress_remote
REDO!!! HSTempo,https://github.com/hsaito/hstempo_android
REDO!!! DO Swimmer,https://github.com/yassirh/digitalocean-swimmer
REDO!!! Shattered Pixel Dungeon,https://github.com/00-Evan/shattered-pixel-dungeon